"","Var1","Freq"
"1","25 - 45",0.570081300813008
"2","Greater than 45",0.216910569105691
"3","Less than 25",0.213008130081301
