"","Var1","Freq"
"1","Female",0.198211382113821
"2","Male",0.801788617886179
